tach0, tach1, tach2, tach3, tach4, tach5, tach6, tach7, tach8, tach9, tach10, tach11, tach12, tach13, tach14, tach15, tach16, tach17, tach18, tach19, tach20, tach21, tach22, tach23, tach24, tach25, tach26, tach27, tach28, tach29, tach30, tach31, tach32, tach33, tach34, tach35, tach36, tach37, tach38, tach39, tach40, tach41, tach42, tach43, tach44, tach45, tach46, tach47, tach48, tach49, tach50, tach51, tach52, tach53, tach54, tach55, tach56, tach57, tach58, tach59, tach60, tach61, tach62, tach63, tach64, tach65, tach66, tach67, tach68, tach69, tach70, tach71, tach72, tach73, tach74, tach75, tach76, tach77, tach78
211,70,71,146,165,132,181,181,210,200,200,178,174,151,135,17,70,52,8,0,15,31,30,32,32,90,102,76,71,34,17,34,59,86,96,93,63,38,38,46,38,30,30,23,7,0,7,24,24,38,69,69,38,34,65,65,30,49,32,24,32,32,8,17,17,44,61,105,132,123,231,223,246,231,254,254,211,211,220
188,127,35,190,209,172,88,105,198,218,195,183,177,161,123,34,72,72,62,62,7,15,35,51,85,85,96,96,69,61,46,30,30,35,61,96,35,45,15,46,45,22,7,0,7,23,38,53,46,25,42,68,17,53,61,53,52,38,38,34,34,25,17,0,0,16,16,32,98,164,240,255,254,255,220,254,254,255,254
93,51,82,165,187,151,136,155,132,165,183,172,180,139,118,76,26,52,26,0,11,34,32,70,87,70,69,46,61,71,38,30,46,91,81,46,54,34,30,51,34,25,23,15,23,39,72,52,37,30,52,60,37,45,52,45,45,52,37,105,105,87,60,8,8,8,34,76,161,195,255,229,237,245,254,254,254,246,244
105,26,170,178,132,182,153,103,204,167,172,176,153,138,163,61,34,34,25,0,41,69,59,72,98,126,69,61,63,32,31,31,47,81,91,91,61,30,51,32,38,38,8,17,8,17,40,34,34,68,68,51,68,68,47,47,39,39,31,36,36,17,8,43,43,43,60,105,175,235,254,246,227,244,254,246,238,238,246
198,61,38,123,196,140,96,143,170,164,184,187,175,127,123,52,42,42,34,51,18,0,17,44,88,114,77,63,68,53,42,25,25,41,65,65,41,45,38,38,45,15,31,23,0,23,39,30,23,15,46,61,38,38,70,61,61,61,52,79,70,52,52,0,26,62,72,108,153,198,223,223,231,254,246,246,246,246,254
114,61,169,207,187,209,107,79,158,143,195,144,181,127,118,45,52,52,52,52,25,0,72,51,93,102,69,69,71,63,59,34,39,86,61,61,53,34,39,47,39,31,7,0,7,39,15,38,23,25,42,68,17,46,45,36,27,27,18,59,59,42,25,44,44,44,61,114,184,220,223,255,239,255,255,255,239,232,220
85,0,182,215,149,173,138,182,166,182,153,167,149,184,112,45,38,46,46,46,17,0,52,59,68,102,71,76,86,86,61,61,63,35,75,67,52,25,17,8,25,8,61,8,0,26,44,63,27,30,52,60,37,39,47,39,39,31,23,8,8,8,8,25,25,34,68,153,212,238,226,255,237,238,238,238,211,246,254
170,140,102,170,146,164,166,182,114,158,167,192,178,147,42,34,46,69,61,30,62,0,59,61,96,105,42,96,79,61,30,52,0,91,65,72,25,7,0,23,46,46,23,7,0,45,72,61,51,68,68,51,68,0,25,42,25,8,0,26,26,17,0,0,0,0,8,42,93,136,246,238,246,232,254,244,254,246,238
96,117,71,151,177,123,193,100,191,182,200,154,136,151,118,76,71,71,71,55,8,31,34,46,46,77,94,46,72,72,54,62,81,38,61,91,46,17,15,30,38,23,11,11,11,10,40,30,15,15,90,57,49,34,26,46,23,11,11,46,53,46,38,17,17,26,52,123,202,228,229,241,248,248,254,246,238,246,238
154,17,35,88,207,195,123,116,132,173,184,173,167,151,163,61,26,52,38,38,25,47,61,30,46,77,88,67,81,71,51,35,30,69,75,38,30,34,15,39,31,23,13,13,20,0,0,39,23,47,63,63,39,52,65,38,27,20,27,15,23,15,7,30,23,30,38,53,107,169,218,246,245,237,254,246,239,238,223
138,25,191,236,154,102,68,179,158,143,198,144,169,176,123,52,34,34,46,46,68,8,61,55,63,86,90,105,67,32,24,0,8,47,47,47,53,68,30,46,53,38,23,7,0,30,53,38,38,23,79,71,39,46,25,52,46,46,38,15,23,23,23,7,15,7,38,92,169,215,210,226,240,238,238,238,255,246,255
151,67,82,165,123,123,183,172,166,182,177,167,154,163,118,45,42,42,55,34,35,9,46,38,38,92,68,57,114,53,38,23,30,42,51,76,52,34,58,69,58,23,15,0,0,22,45,44,35,35,70,88,61,30,78,38,30,96,15,30,38,38,23,44,35,35,52,135,198,223,184,255,202,254,202,238,255,253,246
161,44,170,178,210,138,200,182,114,158,185,192,183,173,84,38,52,52,54,36,23,20,55,58,81,162,52,71,49,52,30,22,30,46,61,46,30,55,62,62,41,27,0,0,8,0,25,63,27,51,76,68,51,63,79,61,52,51,52,11,11,0,0,25,18,36,63,84,154,200,237,237,237,223,255,255,237,244,238
150,73,38,123,136,150,122,91,191,182,200,154,172,164,46,38,24,52,34,25,0,8,46,69,96,75,96,86,55,47,23,7,0,68,77,61,30,36,27,30,54,45,15,0,0,7,23,61,51,59,34,68,85,38,57,49,41,25,24,27,20,0,6,0,10,20,20,69,184,185,231,239,246,254,229,246,246,246,243
55,71,169,207,154,132,131,106,132,173,184,173,138,130,123,52,70,73,62,62,15,15,58,70,87,70,69,70,69,69,53,23,7,87,31,39,23,52,45,39,45,37,15,0,7,23,39,30,15,44,70,79,61,30,47,39,31,26,31,46,36,36,9,16,16,24,24,138,212,227,190,215,254,254,237,255,246,248,248
154,111,182,215,184,172,107,107,114,164,198,188,172,172,118,45,72,47,26,0,7,22,55,72,98,126,69,72,42,34,17,34,59,81,69,39,38,35,62,46,79,61,23,7,0,0,15,39,23,51,76,68,51,63,47,47,39,46,31,15,22,22,30,15,30,38,61,81,93,182,218,228,237,255,255,254,254,245,255
105,70,102,170,182,151,172,172,123,138,130,123,178,147,112,45,26,79,25,0,11,34,17,44,88,114,71,91,69,61,46,30,30,92,104,69,58,63,45,55,41,31,11,11,11,11,58,38,38,23,38,77,53,38,70,61,23,15,52,27,20,0,6,22,37,37,52,138,212,227,210,218,227,245,255,246,255,255,255
176,127,38,123,170,182,110,127,180,180,187,180,136,151,42,34,34,70,34,51,23,30,72,51,93,102,92,57,61,46,38,30,46,82,75,25,48,52,15,30,54,23,13,13,20,27,27,23,11,11,58,58,23,34,45,36,27,55,18,46,36,36,9,34,34,42,93,81,93,182,184,214,224,244,220,254,237,253,253
147,51,169,207,237,140,92,92,153,170,180,195,167,151,84,38,42,27,52,52,0,15,52,59,68,102,127,53,63,55,31,31,47,63,76,53,54,35,15,39,45,61,36,18,0,9,18,27,15,15,90,57,49,34,57,49,41,25,24,32,41,24,16,30,30,30,53,135,165,172,237,221,237,254,254,254,246,244,246
151,90,182,215,164,136,130,161,123,154,195,154,169,176,163,102,52,20,46,46,15,31,59,70,87,70,102,71,68,68,42,25,25,82,96,38,67,54,30,46,79,36,45,22,22,37,60,45,23,47,63,63,39,52,47,39,31,26,31,31,31,31,31,30,38,38,84,35,88,132,123,158,193,223,254,254,246,254,248
198,77,102,170,102,178,190,207,169,146,183,130,154,163,147,73,38,57,61,30,42,8,34,72,98,126,96,86,88,88,17,34,59,59,34,25,25,51,51,51,51,40,44,44,17,17,26,82,38,23,79,71,39,46,47,47,39,46,31,31,31,31,23,15,15,31,63,90,155,213,205,213,237,246,246,239,239,246,254
176,105,71,151,210,114,161,161,198,182,174,174,174,151,100,53,46,53,71,55,51,34,61,44,88,114,69,70,57,41,46,30,30,38,53,53,46,24,24,32,57,41,24,0,0,8,23,52,35,35,70,88,61,30,70,61,23,15,52,44,70,70,44,8,8,34,68,63,111,190,212,238,255,255,255,238,246,255,255
182,76,35,88,253,138,138,182,161,127,102,102,177,161,112,45,30,37,38,38,23,30,61,51,93,102,69,72,34,25,38,30,46,69,69,38,30,25,17,8,25,8,41,32,8,0,8,8,27,51,76,68,51,63,45,36,27,55,18,18,36,9,0,8,8,17,17,86,135,174,253,245,253,245,227,235,253,255,255
173,61,191,236,132,169,166,182,180,180,187,180,180,139,42,34,59,42,46,46,0,15,46,59,68,102,71,91,35,25,31,31,47,47,31,47,31,79,15,26,35,44,17,0,0,0,0,17,51,59,34,68,85,38,51,61,46,51,40,30,20,20,10,16,24,24,41,88,140,193,226,226,217,217,226,244,253,244,253
196,69,82,165,161,174,193,100,153,170,194,194,153,138,84,38,26,52,26,0,61,35,55,61,96,105,42,51,108,90,42,25,25,42,69,76,51,16,30,46,38,49,25,25,8,8,17,72,24,38,69,69,38,34,65,65,30,49,32,8,32,32,24,15,15,23,23,109,136,182,246,255,231,211,202,220,246,246,246
169,79,16,190,187,130,123,116,123,154,161,154,175,127,46,38,34,34,25,0,0,0,35,46,46,77,59,51,57,41,88,70,70,79,34,105,30,8,59,42,31,25,45,36,26,36,81,52,46,25,42,68,17,53,61,53,52,38,38,30,30,30,23,26,35,35,52,51,91,142,238,238,239,255,255,255,255,255,255
202,68,68,130,149,138,68,179,132,173,173,173,181,127,123,105,42,42,34,51,25,59,36,30,46,77,77,79,34,25,32,8,8,32,57,57,23,25,30,46,53,35,44,17,26,26,44,34,37,30,52,60,37,45,52,45,45,52,37,37,37,45,22,9,18,36,63,41,73,147,231,221,194,221,229,238,254,255,254
42,140,218,220,146,174,183,172,114,164,188,188,149,184,147,82,52,52,52,52,17,8,37,55,63,86,69,65,35,25,34,25,59,68,59,51,38,72,72,38,34,45,25,17,25,25,34,59,34,68,68,51,68,68,47,47,39,39,31,31,59,42,34,0,10,20,20,100,154,207,215,255,193,237,237,255,255,255,255
177,65,108,179,177,170,181,165,123,138,130,123,178,147,93,51,38,46,46,46,62,45,51,38,38,92,79,59,88,70,61,61,70,87,70,35,25,17,44,70,46,38,25,17,8,8,34,61,23,15,46,61,38,38,70,61,61,61,52,44,69,61,30,8,16,24,24,90,172,217,197,223,237,238,255,246,248,246,255
130,0,100,191,207,182,88,88,180,180,187,180,136,151,52,60,46,69,61,30,8,52,53,58,81,162,72,43,46,38,30,30,23,81,108,108,46,34,59,76,59,25,35,26,26,26,35,23,23,25,42,68,17,46,45,36,27,27,18,18,15,7,7,30,30,38,61,161,204,229,241,246,246,254,226,254,254,255,253
71,140,157,202,154,140,136,155,166,182,151,132,167,151,144,81,71,71,71,55,25,68,30,69,96,75,60,96,46,38,30,15,23,52,61,44,17,68,68,51,51,38,30,23,0,0,23,34,27,30,52,60,37,39,47,39,39,31,23,23,23,15,0,22,37,37,52,107,177,231,218,226,217,223,255,244,244,255,244
119,117,17,218,162,138,153,103,114,158,184,172,169,176,44,17,26,52,38,38,68,51,47,70,87,70,59,46,79,70,52,35,44,85,76,51,34,61,61,70,61,15,15,0,7,23,38,59,59,59,34,68,85,34,61,68,30,15,15,0,0,8,8,34,34,42,93,146,192,207,226,255,237,238,254,246,246,255,244
114,17,98,226,165,174,135,143,191,182,163,178,154,163,84,38,34,34,46,46,35,44,25,72,98,126,77,61,59,59,42,42,68,51,76,35,85,17,44,70,61,52,15,0,8,17,34,61,52,26,61,70,35,52,69,25,55,55,17,79,70,52,52,30,30,30,53,119,174,198,178,221,212,221,246,246,254,237,246
85,25,23,140,209,170,92,92,180,180,187,183,180,139,46,38,42,42,55,34,23,15,53,44,88,114,60,63,68,68,59,34,34,96,96,96,70,34,59,76,59,42,23,7,26,26,44,23,15,0,23,46,30,46,46,52,38,38,30,59,59,42,25,30,38,38,84,90,154,207,237,255,246,237,246,254,254,254,255
170,68,71,170,187,209,122,91,153,170,194,172,136,127,111,63,52,52,54,36,0,15,30,51,93,102,59,69,69,70,46,61,70,46,61,46,30,68,68,51,51,42,0,0,25,25,34,30,15,15,46,46,23,30,26,46,23,11,11,8,8,8,8,0,9,18,36,63,111,169,200,223,231,238,231,254,246,255,254
96,26,35,136,132,194,131,106,123,154,161,176,167,123,76,59,24,52,34,25,42,8,47,59,68,102,77,42,42,38,38,30,25,23,31,39,23,61,61,70,61,44,30,23,8,8,34,79,88,52,70,114,52,17,65,38,27,20,27,30,38,38,23,37,45,75,105,53,107,215,238,246,239,254,238,246,254,255,220
55,61,191,167,196,102,107,107,169,146,130,187,169,154,135,111,34,35,8,0,23,30,53,61,96,105,69,77,69,38,31,15,70,38,69,69,38,7,0,23,46,46,7,0,26,26,35,32,32,16,32,65,65,32,25,52,46,46,38,11,11,0,0,8,8,17,17,92,169,223,231,239,194,223,243,255,255,246,254
154,61,23,115,187,123,172,172,198,182,174,144,192,177,123,52,8,25,34,42,0,15,30,46,46,77,71,61,61,47,42,7,8,59,34,25,25,15,15,30,38,23,23,15,0,0,23,52,44,17,35,79,61,61,78,38,30,96,15,27,20,0,6,16,24,24,41,135,198,200,215,223,231,238,255,255,248,254,244
105,0,71,146,149,138,110,127,161,127,102,167,146,123,118,45,71,79,71,71,15,31,47,30,46,77,42,63,63,69,53,23,59,38,53,53,46,23,15,39,31,23,8,17,0,7,23,49,32,49,90,57,49,65,79,61,52,51,52,46,36,36,9,15,15,23,23,84,154,185,197,208,220,232,254,254,254,246,246
176,140,35,190,146,140,92,92,123,154,161,192,115,92,112,45,44,70,70,52,42,8,25,55,63,86,94,51,92,92,32,8,87,69,69,38,30,23,30,46,53,38,52,52,44,17,26,38,23,38,69,69,38,46,65,57,59,49,32,15,22,22,30,26,35,35,38,69,139,227,241,241,248,248,246,254,255,246,246
147,117,82,165,177,209,130,161,169,146,130,192,123,132,42,34,36,27,18,45,63,47,55,38,38,92,88,79,55,41,34,25,82,47,31,47,31,34,58,69,58,23,30,23,0,0,23,51,59,25,42,68,17,0,25,34,25,17,17,26,52,44,35,9,18,36,38,138,193,182,218,236,245,245,246,246,237,237,255
151,17,170,178,207,150,153,193,198,182,174,190,167,123,84,38,30,37,30,22,35,8,35,58,81,162,90,65,63,25,17,52,36,42,69,76,51,55,62,62,41,27,7,0,0,7,23,52,35,44,70,79,61,79,78,78,44,43,70,32,41,24,16,0,10,20,86,105,132,123,210,240,240,240,231,246,246,254,254
198,25,38,123,154,132,135,98,132,165,183,177,169,154,46,38,59,42,25,25,36,9,36,45,75,75,68,59,67,90,72,62,52,79,34,105,30,36,27,36,54,45,23,15,7,23,39,30,15,15,46,46,23,30,53,53,53,53,45,31,31,31,0,8,16,24,38,32,98,164,184,184,202,220,254,246,239,246,254
176,67,169,207,123,172,105,119,204,167,172,172,192,177,123,52,30,38,38,30,22,22,37,102,93,76,52,43,114,70,52,35,35,32,57,57,23,52,45,45,45,37,8,17,0,0,15,39,23,47,86,86,63,63,96,88,88,96,79,31,31,31,6,30,23,30,34,76,161,195,237,237,237,237,246,254,254,254,244
182,44,182,215,210,151,200,200,170,164,184,187,174,151,118,45,53,38,15,7,51,34,51,30,61,92,98,90,49,59,42,42,24,68,59,51,38,35,44,52,79,61,52,52,11,11,58,38,38,23,38,77,53,38,76,68,59,51,42,44,70,70,9,16,16,24,24,105,175,235,231,239,246,254,231,254,246,246,246
173,73,102,170,136,182,181,181,158,143,195,144,177,161,112,45,44,70,70,52,23,30,53,38,77,77,88,96,88,88,88,70,70,79,96,105,79,41,49,57,57,49,41,32,20,27,27,23,11,11,58,58,23,34,17,38,25,25,17,18,36,9,30,15,30,38,61,108,153,215,190,215,254,254,238,246,254,246,243
196,71,182,215,210,140,88,105,166,182,153,167,115,92,42,34,36,27,18,45,0,15,30,55,86,79,76,59,57,41,32,8,8,32,57,57,32,63,63,55,55,31,17,0,0,9,18,27,20,27,41,27,41,48,61,42,44,26,26,30,20,24,35,22,37,37,52,114,184,223,220,228,237,255,243,255,255,255,248
169,111,102,170,136,209,136,155,114,158,167,192,193,176,84,38,30,37,30,22,35,8,35,45,75,75,96,96,34,25,34,25,59,68,59,51,17,79,61,26,35,44,25,25,22,37,60,45,45,27,36,81,63,36,17,25,25,25,17,8,32,31,24,34,34,42,93,153,111,200,209,218,227,245,248,255,248,248,248
202,70,71,151,154,173,153,103,191,182,200,154,154,163,163,102,59,42,25,25,36,9,36,102,93,76,69,46,35,25,17,52,87,87,70,35,25,16,24,49,65,49,35,26,17,17,26,82,75,45,60,60,15,15,61,52,44,26,26,30,30,31,23,30,30,30,53,42,107,185,183,214,224,244,245,254,254,245,245
42,127,114,211,184,164,96,143,132,173,184,173,172,172,147,73,30,38,38,30,22,22,37,30,46,77,69,61,108,90,72,62,62,81,108,108,72,8,25,42,42,25,30,23,0,8,41,79,88,62,81,34,25,34,69,46,46,46,38,37,37,70,22,30,38,38,84,123,169,227,205,221,246,254,255,255,255,245,247
177,51,16,98,182,123,107,79,114,164,198,188,161,76,100,53,30,20,30,20,51,34,51,55,63,86,71,63,79,70,52,35,44,52,61,44,17,25,52,60,35,35,17,0,8,8,34,32,32,44,70,52,70,87,46,38,30,15,15,31,59,42,34,15,15,31,63,53,198,182,223,223,231,231,220,228,246,255,255
130,90,98,110,170,195,122,91,123,138,130,123,146,123,112,45,32,57,57,41,23,30,53,38,38,92,92,69,59,59,42,42,68,85,76,51,34,36,27,36,54,45,25,25,26,26,35,8,0,51,76,62,36,53,79,55,55,55,23,44,69,61,30,8,8,34,68,92,154,215,200,255,237,254,254,254,254,255,229
71,77,23,218,154,102,131,106,180,180,187,180,183,173,42,34,46,53,46,46,20,20,30,58,81,162,102,76,68,68,59,34,34,51,76,93,85,52,45,45,45,37,45,36,0,0,23,17,25,59,34,79,61,79,69,38,38,38,30,18,15,7,7,17,17,26,52,135,139,223,238,238,255,223,254,254,254,237,239
119,105,71,226,184,123,107,107,153,170,195,195,172,164,84,38,30,37,30,22,8,8,49,45,75,75,96,96,88,70,61,61,70,96,96,96,70,35,44,52,79,61,44,17,0,7,23,72,36,26,61,68,51,68,34,23,23,11,11,23,23,15,0,30,23,30,38,84,193,200,231,221,212,238,246,239,239,254,254
147,76,35,140,182,138,172,172,123,154,161,154,138,130,46,38,59,42,25,25,30,15,30,102,93,76,69,46,42,34,17,34,59,46,61,46,30,8,25,42,42,25,25,17,0,30,53,52,35,0,23,68,85,34,34,34,27,25,17,8,8,8,8,7,15,7,38,69,132,185,215,255,246,232,246,220,211,211,220
151,61,119,170,187,174,110,127,169,146,130,130,172,172,123,105,30,38,38,30,22,22,37,30,61,92,98,67,69,61,46,30,30,61,77,61,30,25,52,60,35,35,25,17,0,22,45,34,34,15,46,69,38,52,63,54,45,26,26,26,26,17,0,23,39,55,86,69,212,238,197,223,231,254,254,244,254,246,238
198,69,51,136,149,170,92,92,198,182,174,174,161,76,147,82,53,38,15,7,61,35,35,38,77,77,88,105,61,46,38,30,46,23,31,39,23,61,61,70,61,44,35,26,8,0,25,59,59,47,86,68,17,46,45,45,37,46,38,46,53,46,38,15,23,23,38,138,93,136,241,246,239,231,254,246,238,238,238
176,79,96,167,146,182,130,161,161,127,102,102,115,92,93,51,52,52,44,61,0,0,32,55,86,79,76,57,63,55,31,31,47,38,69,69,38,7,0,23,46,46,30,23,7,0,7,61,52,23,38,68,51,68,79,61,52,15,15,15,23,15,7,0,11,11,34,81,202,228,218,239,194,254,254,246,239,231,223
182,68,46,115,177,140,190,207,220,202,158,132,174,143,52,60,24,32,41,32,25,59,59,42,51,59,102,71,68,68,42,25,25,92,104,69,58,15,15,30,38,23,15,0,26,26,44,23,15,11,58,68,85,34,57,49,41,17,17,17,0,8,17,20,27,41,82,135,107,169,223,223,227,231,238,238,255,255,255
173,17,53,146,207,209,161,161,123,164,180,172,102,102,144,81,34,42,34,25,17,8,17,71,79,103,96,86,88,88,88,70,70,82,75,55,48,23,15,39,31,23,15,0,25,25,34,30,15,27,41,70,35,52,38,38,38,49,32,30,32,32,35,8,8,17,17,35,169,215,240,255,224,255,254,246,255,254,254
196,25,119,170,154,194,135,143,170,187,195,178,146,123,44,17,70,52,8,0,62,45,72,44,44,79,69,70,57,41,32,8,8,63,76,93,54,23,30,46,53,38,23,7,8,8,34,39,23,27,36,46,30,46,25,42,25,17,17,0,34,25,16,16,15,24,41,90,198,223,255,229,212,245,255,238,255,245,220
169,68,51,136,162,102,105,79,210,200,183,183,115,92,76,34,46,53,71,55,8,52,52,63,109,100,69,72,34,25,34,25,59,82,96,96,67,34,59,42,34,25,0,0,26,26,35,38,38,45,60,46,23,30,96,88,88,43,70,79,105,52,31,15,39,23,23,63,154,200,254,246,246,244,227,235,255,255,254
130,26,96,167,165,123,200,182,198,198,172,172,174,143,102,76,30,37,38,38,25,68,59,45,75,75,71,91,35,25,17,52,87,52,61,46,52,30,30,46,46,38,61,8,0,26,44,23,11,17,35,61,38,38,76,68,59,53,45,59,36,42,23,15,31,31,55,88,139,185,223,223,231,254,226,244,238,255,244
71,61,46,115,209,220,172,172,132,184,184,176,102,102,105,61,59,42,46,46,68,51,34,102,93,76,92,57,108,90,72,62,62,57,65,73,57,38,38,38,23,15,23,7,0,45,72,27,20,52,70,69,38,46,17,25,25,96,79,8,70,8,44,26,35,35,52,109,193,227,223,239,239,246,246,220,254,237,246
119,73,53,146,182,164,110,127,204,212,195,187,159,151,123,69,30,38,38,30,35,44,61,30,61,92,127,53,79,70,52,35,44,55,63,79,86,39,39,47,39,31,11,11,11,10,40,45,45,16,32,47,15,39,61,52,44,51,42,59,59,17,22,9,18,36,63,41,73,147,231,221,194,221,246,255,246,254,255
114,71,102,170,170,85,92,92,170,170,153,144,193,176,107,46,53,38,15,7,23,15,61,38,77,77,102,71,114,70,52,35,35,86,103,94,63,47,15,30,38,23,13,13,20,0,0,82,75,0,34,68,17,0,69,46,46,25,17,8,8,46,34,0,10,20,20,100,154,207,215,255,193,237,245,238,254,255,254
176,111,71,151,198,175,130,161,158,158,167,167,154,163,147,82,86,86,71,39,0,15,46,55,86,79,88,79,49,59,42,42,24,35,61,61,35,26,15,39,31,61,23,7,0,30,53,52,44,60,70,79,61,79,46,38,30,26,26,26,26,15,30,8,16,24,24,90,172,217,197,223,237,238,255,255,254,255,220
147,70,114,211,132,217,190,207,123,161,200,192,123,132,93,51,8,25,34,42,15,31,55,42,51,59,90,65,88,88,88,70,70,91,81,72,54,54,30,46,53,36,15,0,0,22,45,30,15,15,46,68,51,68,47,47,39,46,38,46,53,8,7,30,30,38,61,161,204,229,241,246,246,254,220,228,246,255,255
151,127,16,98,227,105,161,161,177,184,184,192,180,172,52,60,71,79,71,71,7,15,46,30,61,92,68,59,57,41,32,8,8,81,91,91,61,51,51,51,51,40,0,0,8,0,25,39,23,47,86,68,85,34,70,61,61,15,15,15,23,15,0,22,37,37,52,107,177,231,218,226,217,223,255,255,239,232,220
198,51,98,110,123,136,92,92,182,190,198,190,153,136,144,81,44,70,70,52,11,34,58,38,77,77,52,43,34,25,34,25,59,41,65,65,41,24,24,32,57,41,30,23,7,0,7,38,38,23,38,70,35,52,45,36,27,55,17,15,23,23,8,34,34,42,93,146,192,207,226,255,237,238,238,238,211,246,254
176,90,16,98,210,178,130,161,146,177,177,177,175,105,44,17,36,27,18,45,41,69,55,52,88,105,98,90,34,25,34,25,59,53,61,61,53,38,38,46,38,30,7,0,7,23,38,44,35,11,58,60,15,15,51,61,51,51,40,51,59,42,38,30,23,30,38,146,140,193,229,238,255,255,254,244,254,246,238
182,77,68,110,136,114,190,207,170,197,185,172,181,181,76,34,30,37,30,22,18,0,17,32,32,90,88,96,35,25,17,52,87,52,75,67,52,45,37,37,45,22,23,15,23,39,72,63,27,27,41,79,61,61,65,65,49,49,32,30,69,61,7,7,15,7,38,81,136,182,178,221,212,221,254,246,238,246,238
198,69,218,218,154,138,161,161,210,200,200,178,149,114,102,76,59,42,25,25,25,0,72,51,85,85,76,59,71,63,59,34,39,59,81,72,25,34,59,42,34,25,8,17,8,17,40,61,51,27,36,57,49,65,61,53,46,38,38,79,70,52,23,23,39,55,86,135,91,142,237,255,224,255,254,246,239,238,223
176,79,108,226,207,169,135,143,198,218,195,183,178,136,105,61,30,38,38,30,25,0,72,70,87,70,71,61,86,86,61,61,63,38,91,91,46,30,30,46,46,38,52,52,26,26,44,24,24,45,60,63,39,31,52,45,45,52,37,59,59,42,23,0,9,18,36,35,73,147,231,229,212,255,255,238,246,255,255
182,68,61,140,154,174,105,79,132,165,183,172,136,127,123,69,53,38,15,7,17,0,52,72,98,126,42,63,79,61,30,30,0,69,69,38,30,38,38,38,23,15,41,32,25,25,34,53,46,17,35,71,39,31,47,47,39,39,31,8,8,8,0,37,45,75,105,90,155,213,190,246,246,245,227,235,253,255,255
173,17,119,170,162,130,166,182,204,167,172,176,167,123,116,58,86,86,71,39,62,0,59,44,88,114,94,51,72,72,54,63,81,47,47,47,31,39,39,47,39,31,13,13,20,27,27,52,37,49,90,88,61,70,70,61,61,61,52,26,26,8,17,8,8,17,17,63,111,190,220,223,231,217,226,244,253,244,253
170,25,51,136,165,104,193,100,170,164,184,187,169,154,69,62,8,25,34,42,8,31,34,51,93,102,88,79,81,71,51,20,30,42,51,76,51,25,17,8,25,8,36,18,0,9,18,34,34,38,69,54,18,36,45,36,27,27,18,46,53,32,8,16,24,24,41,86,135,174,209,239,239,211,202,220,246,246,246
96,68,96,167,209,151,123,116,198,143,195,144,192,177,109,72,30,38,38,30,25,47,61,59,68,102,79,65,41,32,24,0,8,79,96,105,79,25,17,8,25,8,45,22,22,37,60,30,23,23,79,81,71,30,47,39,39,31,23,15,23,25,17,15,15,23,23,88,140,193,183,195,195,255,255,255,255,255,255
154,65,46,115,187,182,68,179,161,154,184,102,174,151,97,82,53,38,15,7,68,8,61,61,96,105,72,59,61,53,38,23,30,32,57,57,32,79,61,26,35,44,44,44,17,17,26,38,23,35,70,65,57,49,25,42,25,8,0,15,23,87,60,26,35,35,38,109,136,182,205,213,237,221,229,238,254,255,254
161,140,53,146,132,150,183,172,180,146,195,151,177,161,140,51,52,52,44,61,35,9,46,46,46,77,60,43,52,52,30,22,30,68,59,51,17,16,24,49,65,49,24,0,0,8,23,63,27,54,91,77,46,53,96,88,88,96,79,30,38,17,8,9,18,36,38,51,91,142,223,238,255,237,237,255,255,255,255
150,117,16,190,161,194,181,165,153,182,153,193,180,139,123,60,24,32,41,32,23,20,55,30,46,77,59,90,72,72,54,63,81,92,104,69,58,8,25,42,42,25,31,23,0,23,39,61,51,40,40,60,37,45,76,53,46,38,38,11,11,52,52,0,10,20,86,41,73,147,200,245,253,245,255,238,246,255,255
211,111,68,130,187,102,88,88,123,127,167,154,161,76,127,81,34,42,34,25,0,8,46,55,63,86,77,96,69,69,53,23,7,82,75,55,48,25,52,60,35,35,7,0,7,39,15,52,35,16,32,51,68,68,17,45,45,52,37,27,20,42,25,8,16,24,38,100,154,207,238,226,217,217,227,235,253,253,255
188,70,218,220,149,123,136,155,132,182,200,180,146,123,135,17,70,52,8,0,15,15,58,38,38,92,69,59,92,92,32,8,58,63,76,93,54,72,72,72,62,45,30,23,0,0,23,34,34,38,69,68,51,68,17,59,51,51,59,36,36,36,9,30,23,30,34,90,172,217,231,255,237,211,226,244,253,244,253
93,127,108,179,146,138,153,103,114,158,184,194,138,130,123,34,82,75,55,34,7,22,37,58,81,162,71,76,55,41,34,25,82,57,57,32,16,17,44,70,61,52,15,0,0,7,23,59,59,30,52,68,85,34,47,61,61,61,30,30,22,22,30,7,15,7,82,161,204,229,215,238,255,255,202,220,246,246,246
105,51,100,191,177,150,135,143,123,182,161,154,172,172,118,76,54,54,54,36,11,34,51,70,87,70,42,96,46,38,30,15,23,59,51,17,8,34,59,76,59,42,15,0,7,23,39,61,52,68,68,70,35,52,70,88,88,96,79,26,52,44,35,17,17,44,61,107,177,185,246,238,246,232,255,255,255,255,255
198,68,157,202,196,132,105,79,180,180,130,130,161,76,163,61,24,52,34,39,15,31,47,72,98,126,77,46,55,47,23,7,0,70,35,25,25,68,68,51,51,42,23,7,0,0,15,23,15,15,46,46,30,46,45,68,59,51,42,32,41,24,16,0,0,16,16,146,192,185,246,238,246,232,229,238,255,255,254
114,26,17,218,187,172,200,182,166,170,184,172,146,123,147,69,34,35,8,42,42,8,25,44,88,114,69,61,69,69,53,23,7,108,108,72,72,61,61,70,61,44,11,11,11,11,58,30,15,38,69,46,23,30,47,25,25,25,17,30,15,7,7,8,8,8,34,119,174,227,229,241,248,248,237,255,255,255,255
85,61,98,226,149,151,193,193,114,154,163,178,115,92,100,46,82,75,55,71,63,47,55,51,93,102,71,63,92,92,32,8,58,61,44,17,17,7,0,23,46,46,45,36,26,36,81,30,23,54,71,86,63,63,70,52,44,26,26,0,0,8,8,43,43,43,60,93,144,182,218,246,245,237,255,246,238,246,255
170,46,23,140,146,130,123,98,191,146,187,183,174,143,112,45,54,54,54,52,35,8,35,59,68,102,42,69,55,41,34,25,82,76,51,34,34,15,15,30,38,23,44,17,26,26,44,52,35,40,42,77,53,38,45,46,46,46,38,79,70,52,52,0,26,62,72,123,98,172,210,226,240,238,227,254,246,255,253
96,34,71,170,177,104,68,119,180,158,194,172,102,102,42,34,24,52,34,45,36,9,36,61,96,105,94,42,63,63,17,52,36,76,93,85,68,23,15,39,31,23,25,17,25,25,34,34,34,44,70,58,23,34,51,38,30,15,15,8,8,8,8,44,44,44,61,109,193,132,184,255,202,254,226,254,255,253,246
154,140,35,136,207,151,183,200,153,182,161,176,159,151,105,61,34,35,8,22,22,22,37,46,46,77,96,86,67,67,72,62,52,96,96,70,61,23,30,46,53,38,25,17,8,8,34,59,59,51,76,27,41,48,65,55,55,55,23,26,26,17,0,25,25,34,68,51,136,213,237,237,237,223,238,246,255,244,238
138,65,102,170,154,182,181,181,123,180,173,187,193,176,123,69,70,73,62,25,51,34,51,30,46,77,69,70,69,38,31,15,70,61,46,30,7,34,59,42,34,25,35,26,26,26,35,61,52,59,34,81,63,36,61,38,38,38,30,46,53,46,38,0,0,0,8,41,165,190,231,239,246,254,243,255,255,246,243
151,73,71,151,123,150,88,105,169,170,188,144,154,163,107,46,72,47,26,30,23,30,53,55,63,86,69,72,61,47,42,7,8,77,61,30,15,30,30,46,46,38,52,52,44,17,26,23,15,26,61,34,25,34,52,23,23,11,11,15,23,15,7,17,17,26,52,100,88,174,190,215,254,254,248,255,248,248,248
161,71,114,211,210,194,136,170,198,154,130,167,172,172,147,82,26,79,25,7,0,15,30,38,38,92,71,91,55,41,34,25,82,31,39,23,23,38,38,38,23,15,41,32,8,0,8,30,15,0,23,52,70,87,47,34,27,20,27,30,30,30,23,30,23,30,38,90,155,193,218,228,237,255,245,254,254,245,245
150,111,16,98,136,102,153,144,170,173,187,192,161,76,93,51,34,70,34,39,15,31,47,58,81,162,42,51,63,63,17,52,36,69,69,38,23,39,39,47,39,31,17,0,0,0,0,23,15,15,46,62,36,53,70,54,45,36,36,37,37,45,22,7,15,7,38,161,111,182,210,218,227,245,255,246,255,255,247
184,149,140,195,180,164,155,171,213,206,187,178,171,144,86,25,34,50,51,61,79,70,61,52,100,74,76,63,63,63,53,40,35,65,44,35,26,23,32,57,57,41,23,15,7,0,44,23,20,27,41,25,17,42,34,42,42,17,17,25,48,0,0,0,8,24,57,123,172,213,221,237,237,220,213,213,221,238,253
95,135,180,141,123,96,70,170,195,196,172,172,180,155,98,32,41,57,65,44,33,42,74,106,57,82,73,65,57,41,24,38,36,44,95,63,42,17,17,34,17,8,0,0,8,53,63,27,45,27,36,32,16,32,32,32,24,16,16,16,34,0,0,21,21,31,53,106,148,190,222,233,243,254,246,246,238,246,238
97,48,106,148,127,96,70,180,196,79,79,37,26,46,35,35,17,17,43,23,23,41,32,32,51,85,69,68,59,52,52,59,31,106,89,82,57,17,26,31,57,32,24,8,8,32,17,45,75,45,60,26,26,17,1,17,17,17,20,17,16,32,32,41,57,57,89,139,196,228,238,238,238,229,254,254,254,254,244
110,51,110,156,156,165,155,180,70,95,94,106,106,84,42,42,26,52,26,0,8,52,52,44,88,114,88,96,79,70,53,40,85,59,68,51,17,31,31,57,17,52,61,52,44,44,49,82,44,17,35,52,17,26,52,44,17,17,17,0,48,0,0,21,21,31,53,106,148,190,222,233,240,255,231,254,246,246,245
112,51,111,187,187,96,70,61,213,238,221,229,221,171,97,65,34,34,25,0,25,68,59,51,93,102,76,59,59,59,57,38,86,65,65,65,49,23,26,17,32,31,31,31,31,53,49,52,32,49,90,65,32,65,57,49,49,32,24,32,34,32,32,40,57,57,89,139,196,229,238,240,238,246,238,246,254,246,238
184,149,140,141,123,147,156,171,194,196,172,172,180,155,86,25,52,52,52,52,35,44,61,61,96,105,96,96,88,70,53,40,31,106,65,65,49,31,31,31,31,52,61,52,8,53,63,63,20,27,41,70,87,78,78,70,43,70,105,105,0,0,0,0,8,24,57,123,172,213,221,237,237,246,254,254,243,233,255
97,48,106,156,156,164,155,180,116,206,187,178,171,144,86,25,46,69,61,30,0,15,46,30,46,77,69,61,46,38,25,62,85,59,68,51,17,17,17,34,17,41,23,15,44,53,17,44,75,45,60,33,16,32,32,32,24,16,16,16,34,0,0,0,9,24,57,123,173,213,221,237,238,246,254,255,255,246,253
95,135,180,196,180,137,148,148,117,95,172,172,180,155,97,65,73,57,48,44,33,42,74,25,57,82,73,65,57,52,52,59,35,44,44,35,26,26,26,17,35,32,24,8,44,44,49,41,0,18,17,63,21,21,42,53,42,31,21,10,35,0,0,21,21,31,53,106,148,190,222,233,240,254,228,237,237,255,255
131,65,131,140,123,96,156,171,213,237,79,35,26,44,85,25,34,51,51,23,23,41,32,51,51,86,69,68,59,63,53,40,40,106,95,63,42,31,31,31,31,31,31,31,31,53,44,26,31,31,74,63,21,21,42,53,42,31,21,10,0,32,32,40,57,57,89,139,196,229,238,240,238,229,254,254,243,233,241
184,149,140,148,127,137,161,170,195,206,94,106,106,84,98,32,41,57,65,42,25,26,34,52,66,65,65,65,57,41,24,38,86,82,89,82,57,23,32,57,57,41,23,15,7,0,15,53,23,23,48,48,32,57,48,40,48,41,32,48,48,17,17,17,25,34,68,136,195,229,246,238,246,254,212,213,221,238,253
97,48,106,156,156,147,155,180,194,196,221,229,221,171,35,35,17,17,44,49,32,24,50,51,52,46,36,26,44,52,52,59,35,59,68,51,17,17,17,34,17,8,0,0,8,8,17,52,38,23,38,25,17,42,34,42,42,17,17,25,34,17,17,17,25,34,68,136,195,229,246,238,246,220,254,254,254,255,241
112,51,111,187,187,137,70,62,70,79,79,178,170,144,42,42,42,42,53,61,78,74,58,52,106,74,74,63,63,63,53,40,40,65,65,65,49,49,49,57,32,32,24,8,8,32,49,34,11,11,58,32,16,32,32,32,24,16,16,16,16,0,0,0,8,24,57,123,172,213,221,237,237,254,231,254,246,248,253
131,65,131,141,123,147,156,180,116,221,221,35,26,44,97,65,41,57,48,44,33,42,74,32,40,80,68,68,59,24,24,65,86,105,89,82,57,49,49,34,8,52,61,52,44,53,63,63,45,27,36,52,17,26,52,44,17,17,17,0,34,17,17,17,25,34,68,136,195,229,246,238,244,229,254,254,243,233,244
184,149,140,148,127,170,148,170,194,187,187,178,171,144,42,42,17,17,53,23,23,41,32,26,57,82,73,65,57,52,52,40,35,103,68,51,17,26,26,57,32,52,61,52,44,32,17,17,75,45,60,65,32,65,57,49,49,32,24,32,16,0,0,0,9,24,57,123,173,213,221,237,238,254,212,213,221,238,245
184,149,140,148,127,170,161,148,117,79,187,37,26,46,98,32,73,57,65,49,32,24,50,52,57,82,73,65,57,25,57,40,86,82,65,51,17,23,32,34,57,41,23,15,7,53,49,63,52,26,61,70,87,78,78,70,43,70,105,105,0,0,0,21,21,31,53,106,148,190,222,233,240,254,231,254,246,248,240
95,135,180,156,156,164,155,171,213,94,172,106,106,84,42,42,34,50,53,42,31,43,74,106,51,86,69,68,59,24,25,38,41,59,44,65,49,49,49,57,17,52,61,52,44,32,44,61,15,0,23,36,53,53,53,53,53,45,36,36,48,32,32,40,57,57,89,139,196,229,238,240,238,229,245,254,254,245,255
97,48,106,195,180,96,70,170,195,221,79,35,26,44,97,65,41,57,48,23,23,40,32,33,41,82,70,64,57,49,17,65,86,65,65,35,26,26,26,17,32,31,31,31,31,44,63,24,15,15,46,33,16,32,32,32,24,16,16,16,34,17,17,17,25,34,68,136,195,229,246,238,246,246,254,254,243,233,255
95,135,180,141,123,137,148,180,196,187,221,229,221,144,98,32,17,17,65,43,25,25,35,25,57,82,73,65,57,52,16,59,35,89,82,35,26,26,32,57,57,41,23,15,7,44,15,53,23,47,86,26,26,18,1,17,16,17,17,16,16,0,0,0,8,24,57,123,172,213,221,237,237,220,213,213,221,238,241
131,65,131,148,127,96,156,180,70,172,79,37,26,155,35,35,42,42,44,49,32,25,50,51,100,74,76,63,63,63,44,34,40,68,51,35,26,31,17,34,17,8,0,0,8,53,17,52,38,23,38,63,21,21,42,53,42,31,21,17,37,0,0,21,21,31,53,106,148,190,222,233,243,254,246,246,238,246,253
97,48,106,156,156,137,161,180,70,79,79,37,26,46,35,35,73,57,43,61,79,70,61,52,57,82,73,65,57,63,53,32,41,65,65,63,42,49,49,57,32,52,23,15,7,0,17,17,11,11,58,35,52,61,52,44,26,26,26,0,34,32,32,41,57,57,89,139,196,228,238,238,238,229,254,254,254,254,236
110,51,110,187,187,147,155,61,213,94,94,106,106,84,42,42,34,51,53,49,32,25,50,51,51,85,69,68,59,41,25,65,40,44,35,26,26,26,26,17,40,31,61,52,44,53,49,41,20,27,41,30,46,69,46,46,46,38,46,32,16,17,17,17,25,34,68,136,195,229,246,238,244,255,231,254,246,246,245
97,48,106,196,180,137,70,171,213,79,79,35,26,171,97,65,41,57,48,23,23,40,32,33,65,65,65,65,57,52,52,40,41,59,65,51,17,31,31,31,32,41,31,31,31,32,44,26,45,27,36,30,46,69,46,46,46,38,46,34,35,0,0,0,9,24,57,123,173,213,221,237,238,246,238,246,254,246,238
97,48,106,148,127,164,155,180,194,196,172,172,180,155,98,32,41,57,65,49,32,25,50,51,52,45,36,26,44,25,25,32,35,44,65,51,17,31,17,35,57,32,0,0,8,36,81,72,44,17,35,26,26,18,1,17,16,17,17,10,37,0,0,21,21,31,53,106,148,190,222,233,240,254,231,254,246,248,255
112,51,111,156,156,96,70,170,195,79,79,37,26,155,98,32,41,57,65,44,33,42,74,106,40,74,74,63,59,24,24,40,40,106,44,65,49,49,17,34,17,31,31,31,31,26,44,52,32,49,90,63,21,21,42,53,42,31,21,48,34,32,32,40,57,57,89,139,196,229,238,240,238,229,245,254,254,245,255
131,65,131,187,187,96,70,180,196,95,94,106,106,46,35,35,17,17,43,23,23,41,32,32,57,82,73,65,57,52,52,65,86,65,51,65,49,49,49,57,32,41,23,15,7,25,34,34,47,31,63,48,32,57,48,40,48,41,32,25,16,17,17,17,25,34,68,136,195,229,246,238,246,254,246,246,238,246,241
131,65,131,156,147,156,171,213,238,238,221,229,221,97,65,73,57,48,23,23,41,32,32,57,82,85,68,68,57,57,53,59,82,89,65,35,26,26,26,17,57,8,61,52,8,8,34,59,55,55,79,25,17,42,34,42,42,17,17,16,35,32,32,40,57,57,89,139,196,229,238,240,238,229,254,254,254,254,238
184,149,140,187,170,161,170,194,204,204,187,178,170,85,25,34,51,51,42,25,25,34,26,52,85,65,65,65,51,25,17,40,59,68,51,63,42,31,31,31,17,32,31,31,8,26,35,61,35,35,70,26,26,18,1,17,16,17,17,16,0,17,17,17,25,34,68,136,195,229,246,238,246,254,231,254,246,246,240
97,48,106,180,165,155,180,196,196,196,172,172,180,98,32,41,57,65,49,32,24,49,49,65,65,44,35,26,41,24,16,62,41,65,65,49,49,49,26,17,40,52,23,15,44,0,23,23,27,54,91,63,21,21,42,53,42,31,21,10,37,0,0,21,21,31,53,106,195,229,246,238,246,254,238,246,254,246,255
184,149,140,123,96,70,61,70,79,79,79,35,180,35,35,17,17,44,61,79,70,61,52,52,44,74,76,63,52,52,44,59,86,44,35,26,26,26,31,31,31,52,0,0,8,7,23,30,51,40,40,35,52,61,52,44,26,26,26,26,34,32,32,41,57,57,89,139,172,213,221,237,237,246,254,254,254,254,244
95,135,180,195,180,164,155,180,70,206,187,178,26,44,35,35,17,57,48,23,23,41,32,57,83,86,71,68,57,57,52,59,35,65,89,82,57,23,57,32,57,52,24,8,44,23,39,39,24,16,32,30,46,69,46,46,46,38,46,53,16,17,17,17,25,34,68,136,203,211,202,202,216,220,231,254,246,246,245
97,48,106,141,123,96,70,180,70,79,187,178,106,155,97,25,34,51,51,42,25,26,34,52,85,65,66,65,51,25,53,40,40,44,68,51,17,17,26,17,17,31,31,31,31,0,15,38,46,38,69,23,30,46,38,30,15,15,15,23,35,0,0,0,9,24,57,123,195,229,246,238,244,255,238,246,254,246,238
131,65,131,156,156,165,155,171,213,237,79,35,170,84,98,32,17,17,44,61,78,74,58,56,43,74,76,51,55,49,24,59,82,82,44,35,26,26,57,31,57,41,0,0,8,32,27,27,34,68,68,63,21,21,42,53,42,31,21,10,37,0,0,21,21,31,53,106,205,212,203,202,211,220,231,254,246,248,255
97,48,106,187,187,96,70,170,195,206,94,106,180,171,35,42,42,50,51,61,79,70,61,33,41,82,70,64,57,49,48,40,59,59,65,51,17,26,17,32,17,41,24,8,8,44,18,45,23,15,46,48,32,57,48,40,48,41,32,48,48,0,0,21,21,31,53,106,148,190,222,233,240,254,245,254,254,245,255
110,51,110,196,180,137,148,180,194,196,221,229,26,144,42,65,73,57,65,44,33,42,74,25,57,82,73,65,57,52,17,38,35,65,89,82,57,49,17,35,32,41,0,0,8,53,60,82,23,38,69,25,17,42,34,42,42,17,17,25,34,0,0,0,8,24,57,123,172,213,221,223,231,238,246,246,238,246,241
97,48,106,140,123,147,156,180,70,206,94,106,171,155,42,32,17,17,43,23,23,41,32,51,100,74,76,63,63,63,16,65,40,44,68,51,17,26,49,34,40,41,24,8,44,32,26,52,45,27,36,32,16,32,32,32,24,16,16,16,16,0,0,21,21,31,53,106,148,190,222,246,246,254,254,254,254,254,253
131,65,131,148,127,170,161,180,70,196,221,229,26,44,97,35,34,42,53,42,25,26,34,52,57,82,73,65,57,63,44,40,86,44,65,65,49,31,26,57,57,52,31,31,31,32,41,49,75,45,60,35,52,61,52,44,26,26,26,26,37,32,32,41,57,57,89,139,196,228,238,239,231,223,231,254,246,246,236
131,65,131,156,156,164,155,61,213,79,79,178,221,144,42,35,17,57,48,49,32,24,50,51,51,85,69,68,59,41,24,39,40,106,65,51,17,23,31,17,17,31,23,15,7,53,39,63,44,17,35,30,46,69,46,46,46,38,46,53,34,17,17,17,25,34,68,136,195,229,246,223,231,238,238,246,254,246,245
184,149,140,187,187,96,70,171,213,95,94,172,26,144,86,42,17,51,53,49,32,25,50,33,65,65,65,65,57,52,52,32,41,82,44,65,49,49,26,17,40,41,0,0,8,53,17,17,0,18,17,23,30,46,38,30,15,15,15,23,16,0,0,0,9,24,57,123,173,213,221,246,246,254,254,254,254,255,245
97,48,106,187,187,96,156,180,194,187,187,178,106,155,97,32,73,51,42,25,25,34,26,33,41,82,70,64,57,24,52,65,35,65,82,35,26,26,31,31,17,52,61,52,44,53,81,72,23,23,48,63,21,21,42,53,42,31,21,10,35,0,0,21,21,31,53,106,148,190,222,233,240,254,238,246,254,246,240
97,48,106,196,180,147,155,180,194,196,221,229,26,44,85,42,34,65,49,32,24,49,49,25,57,82,73,65,57,49,53,59,40,89,65,51,17,23,57,32,32,31,61,52,44,32,44,52,23,65,32,48,32,57,48,40,48,41,32,16,0,32,32,40,57,57,89,139,196,229,238,240,238,229,254,254,254,255,255
110,51,110,141,123,137,70,62,70,79,79,178,171,84,98,65,41,44,61,79,70,61,52,51,100,74,76,63,63,49,25,40,82,68,44,65,49,49,26,17,57,52,61,52,44,44,34,34,17,23,48,26,26,18,1,17,16,17,17,16,37,17,17,17,25,34,68,136,195,229,246,238,246,254,231,254,246,248,255
97,48,106,148,127,137,70,170,195,79,79,37,180,171,35,32,17,57,48,23,23,41,32,52,57,82,73,65,57,52,24,62,59,65,65,35,26,26,17,34,17,31,31,31,31,53,34,59,32,65,32,63,21,21,42,53,42,31,21,10,34,0,0,0,8,24,57,123,172,213,221,237,237,246,245,254,254,245,241
131,65,131,156,147,147,148,180,196,94,94,106,26,144,42,35,42,51,51,42,25,26,34,51,51,85,69,68,59,63,52,40,65,44,82,35,26,26,17,57,32,41,31,31,31,32,35,61,0,18,17,35,52,61,52,44,26,26,26,26,16,32,40,57,57,89,139,196,229,238,240,238,229,212,246,246,238,246,253
131,65,131,148,127,96,156,180,70,79,79,35,106,155,42,65,41,57,65,49,32,24,50,33,65,65,65,65,57,63,53,38,44,65,51,65,49,49,17,31,40,8,23,31,31,44,81,23,34,68,68,30,46,69,46,46,46,38,46,26,34,17,17,25,34,68,136,195,229,196,228,238,238,254,254,254,254,254,245
110,51,110,140,123,170,161,180,70,206,187,178,221,44,97,32,17,17,44,61,78,74,58,25,43,74,76,51,55,49,44,44,44,44,44,35,26,26,17,35,52,41,23,15,7,53,44,30,45,27,36,32,16,46,38,30,15,15,15,53,16,0,0,8,24,57,123,172,213,148,190,222,233,254,231,254,246,246,238
97,48,106,148,127,96,155,61,213,95,172,172,170,144,42,32,41,50,51,61,79,70,61,51,41,82,70,64,57,49,44,38,41,82,51,65,49,49,57,32,40,41,61,0,8,32,34,39,75,45,60,35,52,18,1,17,16,17,17,23,37,46,38,30,23,30,38,53,107,196,229,238,240,238,238,246,254,246,240
112,51,111,156,156,170,70,171,213,196,221,229,180,46,35,32,41,57,65,44,33,42,74,106,57,82,73,65,57,52,52,65,86,59,65,35,26,26,17,17,57,41,31,31,31,44,23,38,44,17,35,30,46,21,42,53,42,31,21,16,34,15,7,7,15,7,38,92,169,172,213,221,237,254,254,254,254,254,255
131,65,131,187,187,164,161,170,195,79,79,178,180,97,65,35,17,17,43,23,23,41,32,32,100,74,76,63,63,63,53,40,35,65,51,63,42,31,17,31,17,31,23,15,7,53,23,23,0,18,17,23,30,57,48,40,48,41,32,10,26,32,32,41,57,57,89,139,198,223,231,239,231,223,231,254,246,246,255
110,51,110,187,147,137,155,180,194,95,172,172,26,85,25,34,18,42,53,42,25,26,34,57,57,82,73,65,57,63,25,53,40,40,44,68,51,17,17,26,17,17,31,31,31,44,27,27,23,23,48,63,21,42,34,42,42,17,17,16,53,17,17,17,25,34,68,136,154,200,215,223,231,238,238,246,254,246,241
97,48,106,196,127,96,70,170,195,237,79,37,170,84,32,42,42,57,48,49,32,24,50,52,51,85,69,68,59,41,49,24,59,82,82,44,35,26,26,57,31,57,41,0,0,53,49,41,0,18,17,33,16,32,32,32,24,16,16,16,23,15,7,7,15,7,38,92,169,215,238,246,246,254,254,254,254,255,253
110,51,110,140,123,137,70,180,196,206,94,37,180,171,35,65,73,51,53,49,32,25,50,65,65,65,65,65,57,52,49,48,40,59,59,65,51,17,26,17,32,17,41,24,8,53,44,26,31,31,74,26,26,18,1,17,16,17,17,10,23,32,32,41,57,57,89,139,198,223,231,239,231,223,231,254,246,248,240
97,48,106,148,127,147,171,213,238,94,94,106,26,144,35,35,17,57,48,23,23,40,32,52,53,44,36,27,44,63,25,59,40,106,89,82,57,23,31,34,57,31,23,15,7,53,17,44,23,23,48,63,21,21,42,53,42,31,21,26,38,0,0,21,21,31,53,106,148,190,222,233,243,245,245,254,254,245,255
112,51,111,156,156,170,170,194,204,206,187,178,171,155,97,25,30,17,51,43,25,25,35,57,41,82,70,64,57,64,52,40,82,82,68,51,17,17,26,57,17,41,61,52,8,0,17,17,23,23,48,35,52,61,52,44,26,26,26,53,11,32,32,41,57,57,89,139,196,228,238,223,231,238,246,246,238,246,255
131,65,131,187,187,96,180,196,196,95,172,172,26,44,42,35,17,57,65,49,32,25,50,57,57,82,73,65,57,63,53,62,59,59,65,65,49,49,26,17,40,52,31,31,8,53,49,41,23,38,69,30,46,69,46,46,46,38,46,23,20,17,17,17,25,34,68,136,195,229,246,246,246,254,254,254,254,254,241
131,65,131,156,123,137,61,70,79,204,95,40,221,144,42,65,17,57,65,44,33,42,74,52,51,85,69,68,59,41,25,40,65,65,44,35,26,26,31,31,57,31,61,52,44,32,17,17,45,27,36,26,26,57,48,40,48,41,32,16,36,0,0,0,9,24,57,123,173,190,222,246,246,223,231,254,246,246,255
131,65,131,187,187,96,70,180,196,95,94,106,26,144,35,35,17,17,43,23,23,41,32,65,65,65,65,65,57,52,24,38,44,65,95,63,42,31,26,17,17,41,31,31,31,44,81,72,75,45,60,63,21,42,34,42,42,17,17,48,48,32,32,40,57,57,89,139,196,228,238,239,231,238,238,246,254,246,255
131,65,131,156,147,156,70,180,194,238,187,178,106,155,65,73,57,48,23,23,41,32,32,57,82,73,65,57,57,57,48,59,35,89,89,82,57,23,31,31,32,8,23,15,7,53,44,52,31,31,25,48,32,18,1,17,16,17,17,25,34,17,17,17,25,34,68,136,195,200,215,223,231,254,254,254,254,255,241
184,149,140,187,170,161,148,170,195,204,221,229,26,44,25,34,51,57,65,25,25,26,34,52,85,68,68,59,51,25,17,34,59,68,68,51,17,17,34,31,57,52,0,0,8,32,34,34,57,65,32,63,21,21,42,30,15,15,21,16,16,0,0,0,8,31,53,106,195,215,238,246,246,223,246,246,238,246,253
97,48,106,180,165,155,156,180,196,196,79,178,171,84,32,41,57,17,43,32,24,24,50,65,65,65,65,57,41,24,16,32,65,65,65,65,49,49,57,32,17,31,31,31,31,44,23,23,27,17,26,35,52,61,52,17,16,17,26,25,37,0,0,0,9,57,89,139,172,223,231,239,231,232,254,254,254,254,245
184,149,140,123,96,70,61,213,238,79,79,35,180,35,35,17,17,42,53,79,70,70,61,52,44,35,26,44,52,52,44,44,44,44,44,35,26,26,17,35,52,41,23,15,7,53,23,30,51,28,36,30,46,69,46,53,42,31,46,16,16,0,0,21,21,31,57,123,172,213,221,237,237,248,231,254,246,245,238
94,135,180,148,127,137,148,170,195,94,94,178,106,155,97,25,34,57,48,42,25,42,74,33,65,65,65,65,57,52,44,38,41,82,51,65,49,49,57,32,40,41,61,52,44,53,39,39,24,27,41,30,46,69,46,40,48,41,46,10,35,32,32,40,57,57,38,92,172,213,221,237,237,246,254,254,254,233,238
97,48,106,156,156,147,156,180,194,238,221,35,170,84,98,32,17,17,44,61,78,34,26,52,53,82,70,64,57,24,52,65,86,59,65,35,26,26,17,17,57,41,31,31,31,32,15,38,46,27,36,30,46,69,46,42,42,17,46,48,0,17,17,17,25,34,89,139,203,211,202,202,216,220,231,254,246,238,255
110,51,110,187,187,170,161,170,195,204,187,106,180,171,35,42,42,50,51,61,79,49,49,57,41,82,73,65,57,49,53,40,35,65,51,63,42,31,17,31,17,31,23,15,7,36,27,27,34,17,35,26,26,18,1,17,16,17,17,25,48,0,0,0,8,24,68,136,195,229,246,238,244,255,238,246,254,246,253
131,65,131,196,180,164,155,180,70,196,172,229,26,144,42,65,73,57,65,44,33,61,52,57,57,74,76,63,63,49,57,39,86,89,65,49,49,49,49,32,32,41,0,0,8,26,18,45,23,49,90,63,21,21,42,44,26,31,21,16,34,0,0,21,21,31,38,92,205,212,203,202,211,220,231,254,246,254,255
95,51,110,148,127,137,148,61,213,95,94,106,171,155,42,35,17,17,43,23,23,41,32,52,51,82,73,65,57,52,25,65,35,44,35,26,26,26,26,35,40,52,31,31,31,25,34,34,47,35,70,48,32,57,48,46,46,41,32,17,16,32,32,41,57,57,89,139,148,190,222,233,240,254,245,254,254,246,241
97,48,106,156,156,147,156,171,194,237,221,229,26,44,97,65,17,42,53,43,25,26,34,65,65,85,69,68,59,63,25,59,40,106,89,82,57,23,31,34,57,31,23,15,7,8,34,59,55,54,91,25,17,42,34,40,48,17,17,0,48,0,0,21,21,31,53,106,172,213,221,223,231,238,246,246,238,246,240
110,51,110,187,187,147,155,61,213,94,94,178,221,144,42,25,34,57,48,49,32,24,50,57,82,65,65,65,57,63,48,59,35,89,89,82,57,23,31,31,32,8,23,15,7,26,35,61,35,35,70,26,26,18,1,17,16,17,17,32,34,32,32,40,57,57,89,139,148,190,222,246,246,254,254,254,254,248,255
97,51,111,196,180,137,70,171,213,79,79,172,26,144,86,32,41,51,53,44,33,74,58,25,43,74,76,51,55,49,17,34,59,68,68,51,17,17,34,31,57,52,0,0,8,0,23,23,27,54,91,63,21,21,42,53,42,17,17,10,22,0,0,41,57,57,68,136,196,228,238,239,231,223,231,254,246,245,255
97,149,140,148,127,164,155,180,194,196,172,178,106,155,97,35,17,51,42,25,25,70,61,51,41,82,70,64,57,49,16,32,65,65,65,65,49,49,57,32,17,31,31,31,31,53,17,44,75,45,60,33,16,32,32,32,24,31,21,34,52,0,0,17,25,34,57,123,154,200,215,223,231,238,238,246,254,248,241
112,48,106,156,156,96,70,170,195,79,79,106,106,84,42,42,26,42,53,44,33,42,74,106,57,82,73,65,57,52,44,44,44,44,44,35,26,26,17,35,52,41,23,15,7,44,49,41,0,18,17,63,21,21,42,53,42,26,26,105,41,0,0,7,15,7,53,106,169,215,238,246,246,254,254,254,254,245,253
131,65,131,187,187,96,70,180,196,95,94,178,170,144,85,17,17,51,51,42,25,41,32,32,100,74,76,63,63,63,25,38,41,59,44,65,49,49,49,57,17,52,61,52,44,53,44,26,31,65,32,63,21,21,42,53,42,38,46,10,0,32,32,41,57,57,89,139,198,223,231,239,231,223,231,254,246,246,236
131,65,131,156,147,156,171,213,238,238,79,35,180,155,98,32,41,57,65,49,32,26,34,57,57,82,73,65,57,63,17,65,86,65,65,35,26,26,26,17,32,31,31,31,31,0,15,53,23,17,26,48,32,57,48,40,48,38,46,48,48,17,17,21,21,31,68,136,148,190,222,233,243,223,246,246,254,254,245
131,65,131,187,180,164,161,170,195,79,94,178,180,97,35,35,17,17,44,43,25,24,50,52,51,85,69,68,59,41,16,59,35,89,82,35,26,26,32,57,57,41,23,15,7,32,44,26,45,28,36,30,46,69,46,46,46,38,46,34,35,0,0,41,57,57,57,123,106,148,190,222,233,232,254,254,254,246,238
110,51,110,187,127,137,155,180,194,95,221,35,26,85,86,25,34,50,51,49,32,70,61,52,100,74,76,63,65,51,44,34,40,68,51,35,26,31,17,34,17,8,0,0,8,36,81,72,44,27,41,26,26,18,1,17,16,17,17,10,37,0,0,17,25,57,89,139,148,190,229,238,240,248,231,254,254,254,255
97,48,106,196,156,147,70,170,195,237,187,106,180,98,35,32,41,57,65,44,33,42,74,106,57,82,73,65,51,55,53,32,41,65,65,63,42,49,49,57,32,52,23,15,7,26,44,52,32,49,90,63,21,21,42,53,42,31,21,48,34,32,32,0,9,57,68,136,196,228,229,246,238,246,254,254,254,243,255
110,51,110,156,187,147,155,180,70,95,172,229,106,84,42,35,17,17,43,23,23,41,32,32,51,85,69,68,64,57,25,65,40,44,35,26,26,26,26,17,40,31,61,52,44,25,34,34,47,31,63,48,32,57,48,40,48,41,32,25,16,17,17,40,57,34,57,123,154,200,213,221,237,220,231,254,213,221,241
112,51,111,187,180,137,171,213,213,238,94,106,221,171,97,42,26,52,26,0,8,52,52,44,88,114,88,96,65,57,52,40,41,59,65,51,17,31,31,31,32,41,31,31,31,8,34,59,55,55,79,25,17,42,34,42,42,17,17,16,35,32,32,17,25,7,53,106,169,215,190,222,233,243,254,246,246,238,238
184,149,140,141,127,164,161,170,194,196,172,172,180,155,86,65,34,34,25,0,25,68,59,51,93,102,76,59,63,63,25,32,35,44,65,51,17,31,17,35,57,32,0,0,8,26,35,61,35,35,70,26,26,18,1,17,16,17,17,16,0,17,17,0,8,57,89,139,198,223,228,238,238,238,229,254,254,254,240
97,48,106,156,156,164,155,180,116,206,187,178,171,144,86,25,52,52,52,52,35,44,61,61,96,105,96,96,65,57,63,44,40,86,44,65,65,49,31,26,57,57,52,31,31,0,23,23,27,54,91,63,21,21,42,53,42,31,21,10,37,0,0,0,9,24,89,139,106,148,190,222,233,240,255,231,254,246,255
95,135,180,196,180,137,70,170,117,95,172,172,180,155,97,25,46,69,61,30,0,15,46,30,46,77,69,61,68,59,41,24,39,40,106,65,51,17,23,31,17,17,31,23,15,7,23,30,51,40,40,35,52,61,52,44,26,26,26,26,34,32,32,17,25,34,68,136,139,196,229,238,240,238,246,238,246,254,237
131,65,131,140,123,96,155,180,213,237,79,35,26,44,85,32,41,51,53,44,33,74,58,25,43,74,76,51,65,57,52,52,32,41,82,44,65,49,49,26,17,40,41,0,0,23,39,39,24,16,32,30,46,69,46,46,46,38,46,53,16,17,17,0,8,24,89,139,123,172,213,221,237,237,246,254,254,243,241
184,149,140,148,127,137,70,61,195,206,94,106,106,84,98,35,17,51,42,25,25,70,61,51,41,82,70,64,64,57,24,52,65,35,65,82,35,26,26,31,31,17,52,61,52,0,15,38,46,38,69,23,30,46,38,30,15,15,15,23,35,0,0,21,21,31,68,136,123,173,213,221,237,238,246,254,255,255,253
184,149,140,141,127,164,156,171,194,196,172,172,180,155,86,42,26,42,53,44,33,42,74,106,57,82,73,65,65,57,49,53,59,40,89,65,51,17,23,57,32,32,31,61,52,32,27,27,34,68,68,63,21,21,42,53,42,31,21,10,37,0,0,41,57,57,68,136,106,148,190,222,233,240,254,228,237,237,236
97,48,106,156,156,164,155,180,116,206,187,178,171,144,86,17,17,51,51,42,25,41,32,32,100,74,76,63,63,63,49,25,40,82,68,44,65,49,49,26,17,57,52,61,52,44,18,45,23,15,46,48,32,57,48,40,48,41,32,48,48,0,0,40,57,57,57,123,139,196,229,238,240,238,229,254,254,243,278
